fid_1,survey,transect,diameter,scoped,distance,tortoise
5,Doerun_NA,2,28,Y,2.145594279,0
6,Doerun_NA,2,31,Y,0.789368575,1
0,Doerun_NA,3,30,Y,11.62706339,1
1,Doerun_NA,4,40,Y,4.589712983,0
2,Doerun_NA,5,33,Y,6.869795262,0
3,Doerun_NA,2,41,Y,2.925785348,1
4,Doerun_NA,2,34,Y,3.127352102,0
7,Doerun_NA,2,16,Y,5.228078276,0
9,Doerun_NA,3,19,Y,6.499061762,1
14,Doerun_NA,5,30,Y,4.180394156,1
16,Doerun_NA,6,38,Y,2.070167874,0
20,Doerun_NA,7,44,Y,1.750351007,0
22,Doerun_NA,7,33,Y,2.265959507,0
23,Doerun_NA,7,40,Y,9.710917606,0
24,Doerun_NA,8,34,Y,7.332449145,1
25,Doerun_NA,8,25,Y,8.526482703,0
27,Doerun_NA,9,31,Y,0.509691468,0
28,Doerun_NA,9,34,Y,0.348904421,1
29,Doerun_NA,9,31,Y,6.046657751,0
31,Doerun_NA,9,33,Y,8.041782441,1
32,Doerun_NA,9,33,Y,15.9084779,1
34,Doerun_NA,9,35,Y,5.552587016,0
35,Doerun_NA,9,30,Y,1.419130991,1
40,Doerun_NA,10,39,Y,4.339899529,0
42,Doerun_NA,11,32,Y,6.205673418,0
43,Doerun_NA,12,32,Y,1.372845218,0
46,Doerun_NA,12,29,Y,5.601422094,0
51,Doerun_NA,15,34,Y,2.607085337,1
52,Doerun_NA,15,34,Y,9.647434381,0
53,Doerun_NA,15,34,Y,7.345815092,0
55,Doerun_NA,16,33,Y,6.656252214,0
61,Doerun_NA,19,31,Y,2.043389606,1
62,Doerun_NA,19,34,Y,2.072868848,0
64,Doerun_NA,19,38,Y,10.14251833,1
67,Doerun_NA,19,39,Y,1.645724026,1
70,Doerun_NA,20,31,Y,1.86846042,0
73,Doerun_NA,21,33,Y,5.509373336,0
74,Doerun_NA,21,43,Y,5.514438755,0
75,Doerun_NA,21,57,Y,9.482394607,1
76,Doerun_NA,21,30,Y,2.472580707,1
78,Doerun_NA,21,38,Y,1.561294085,0
79,Doerun_NA,21,33,Y,1.565409739,0
81,Doerun_NA,21,31,Y,3.401664784,1
83,Doerun_NA,22,35,Y,1.897639915,1
84,Doerun_NA,19,27,Y,5.040277647,0
85,Doerun_NA,19,30,Y,2.867118294,1
86,Doerun_NA,20,23,Y,2.800483697,0
91,Doerun_NA,21,41,Y,12.42407013,1
92,Doerun_NA,21,28,Y,9.413846698,0
93,Doerun_NA,21,29,Y,1.410211879,0
96,Doerun_NA,21,29,Y,3.391809508,1
97,Doerun_NA,21,30,Y,2.385448238,0
98,Doerun_NA,22,30,Y,4.969784279,1
100,Doerun_NA,22,38,Y,7.091210982,0
102,Doerun_NA,22,32,Y,0.831898493,1
103,Doerun_NA,22,33,Y,4.311672317,0
107,Doerun_NA,23,31,Y,0.227350991,0
108,Doerun_NA,23,31,Y,5.0764873,1
109,Doerun_NA,23,31,Y,11.36370404,0
110,Doerun_NA,23,31,Y,4.280041702,1
111,Doerun_NA,23,26,Y,2.746462619,1
112,Doerun_NA,23,31,Y,20.67109772,0
114,Doerun_NA,24,31,Y,0.123060897,0
117,Doerun_NA,24,27,Y,2.072234414,0
118,Doerun_NA,24,37,Y,2.434948466,0
120,Doerun_NA,24,32,Y,6.802807857,0
121,Doerun_NA,24,25,Y,11.24227175,0
122,Doerun_NA,24,33,Y,8.423949654,1
123,Doerun_NA,24,39,Y,9.42390771,0
124,Doerun_NA,24,30,Y,24.42327854,1
125,Doerun_NA,24,31,Y,9.552133614,0
129,Doerun_NA,24,54,Y,9.99823683,0
130,Doerun_NA,24,52,Y,12.08327133,1
133,Doerun_NA,24,29,Y,10.85108285,0
135,Doerun_NA,24,27,Y,1.501790814,0
139,Doerun_NA,25,37,Y,8.604801651,0
141,Doerun_NA,25,38,Y,9.574583523,1
143,Doerun_NA,26,36,Y,4.179992816,0
8,Doerun_NA,3,33,Y,3.989721112,0
10,Doerun_NA,3,12,Y,1.469622484,0
11,Doerun_NA,4,36,Y,0.931028868,0
12,Doerun_NA,4,37,Y,4.072128427,0
13,Doerun_NA,4,30,Y,4.097436832,0
15,Doerun_NA,5,22,Y,4.416412416,1
17,Doerun_NA,6,31,Y,5.623939393,1
18,Doerun_NA,7,29,Y,7.095663827,1
19,Doerun_NA,7,35,Y,0.795216007,1
21,Doerun_NA,7,26,Y,2.246926262,0
26,Doerun_NA,8,0,N,-1,1
30,Doerun_NA,9,31,Y,10.42279243,0
33,Doerun_NA,9,32,Y,5.770150594,1
36,Doerun_NA,8,28,Y,1.520638486,1
37,Doerun_NA,8,30,Y,11.50218363,1
38,Doerun_NA,8,33,Y,8.495602016,1
39,Doerun_NA,10,33,Y,1.561426044,0
41,Doerun_NA,10,27,Y,0.779447417,1
44,Doerun_NA,12,32,Y,2.341716404,0
45,Doerun_NA,12,28,Y,3.766482875,0
47,Doerun_NA,13,34,Y,1.471452486,0
48,Doerun_NA,14,39,Y,4.063296206,1
49,Doerun_NA,17,34,Y,9.178339874,1
50,Doerun_NA,18,43,Y,1.992121692,0
54,Doerun_NA,15,58,Y,5.723113053,1
56,Doerun_NA,19,35,Y,0.361272803,0
57,Doerun_NA,19,35,Y,7.649418193,1
58,Doerun_NA,19,34,Y,1.893313466,1
59,Doerun_NA,19,39,Y,5.055742706,0
60,Doerun_NA,19,40,Y,9.983366613,0
63,Doerun_NA,19,32,Y,3.086264912,1
65,Doerun_NA,19,35,Y,6.21489083,0
66,Doerun_NA,19,37,Y,8.297961511,0
68,Doerun_NA,21,37,N,2.40039848,1
69,Doerun_NA,22,38,N,2.263878522,1
71,Doerun_NA,20,34,Y,6.839907642,0
72,Doerun_NA,20,50,Y,4.427144686,1
77,Doerun_NA,22,34,Y,0.981327657,0
80,Doerun_NA,21,29,Y,1.561294085,0
82,Doerun_NA,22,37,N,4.274177904,0
87,Doerun_NA,20,31,Y,5.190972021,0
88,Doerun_NA,20,36,Y,7.140935288,1
89,Doerun_NA,20,30,Y,41.89444173,0
90,Doerun_NA,20,28,Y,1.923744186,0
94,Doerun_NA,21,27,Y,10.41066602,1
95,Doerun_NA,21,34,Y,2.596376503,1
99,Doerun_NA,22,30,Y,3.053840337,1
101,Doerun_NA,22,50,Y,1.110970922,1
104,Doerun_NA,23,33,Y,9.244371338,1
105,Doerun_NA,23,34,Y,1.5840678,0
106,Doerun_NA,23,28,Y,4.710431863,1
113,Doerun_NA,23,32,Y,18.7122573,1
115,Doerun_NA,24,26,Y,0.093014075,0
116,Doerun_NA,24,37,Y,18.94870357,0
119,Doerun_NA,24,31,Y,1.370877458,0
126,Doerun_NA,24,36,Y,13.64355577,1
127,Doerun_NA,24,30,Y,0.32838003,1
128,Doerun_NA,24,35,Y,15.83581074,0
131,Doerun_NA,24,39,Y,12.09243032,1
132,Doerun_NA,24,33,Y,21.23859672,1
134,Doerun_NA,24,30,Y,1.391882895,0
136,Doerun_NA,25,28,Y,9.679043712,0
137,Doerun_NA,25,29,Y,1.360117328,1
138,Doerun_NA,25,40,Y,3.602749945,0
140,Doerun_NA,25,35,Y,10.44393499,0
142,Doerun_NA,25,42,Y,2.460964735,1
5187,Holman,25,29,Y,3.241232561,1
5188,Holman,25,28,Y,18.74082607,0
5193,Holman,25,29,Y,16.66704528,0
5194,Holman,25,39,Y,16.08669911,0
5185,Holman,26,38,Y,22.36178518,0
4965,Holman,37,24,N,0.731204879,0
4972,Holman,35,27,N,2.351064769,0
4991,Holman,28,0,N,-1,0
4997,Holman,30,0,N,-1,0
5026,Holman,32,29,N,3.400001527,0
5037,Holman,28,0,N,-1,0
5141,Holman,28,16,N,3.927851746,0
5227,Holman,24,31,N,13.47188724,0
5228,Holman,24,37,N,5.113681289,0
5231,Holman,23,42,N,2.766340064,0
5370,Holman,18,29,Y,20.42813439,0
5376,Holman,17,35,N,1.179972431,0
5381,Holman,17,37,Y,8.505183284,0
5429,Holman,12,31,Y,8.159832546,0
5401,Holman,15,20,N,3.106277717,0
5428,Holman,13,20,N,0.200962119,0
4988,Holman,28,24,N,3.290924478,0
4989,Holman,28,24,N,6.865846208,0
4993,Holman,29,24,N,3.074920942,0
4998,Holman,30,27,N,3.340777464,0
5016,Holman,38,25,N,14.71401307,0
5019,Holman,37,25,N,11.45012158,0
5045,Holman,39,27,Y,9.935789709,0
5054,Holman,37,27,Y,4.139103575,0
5057,Holman,36,14,Y,10.12910957,0
5061,Holman,35,24,N,4.799749669,0
5068,Holman,29,19,N,3.506384473,0
5073,Holman,33,20,Y,0.280102976,0
5074,Holman,33,26,Y,1.001332718,0
5085,Holman,40,21,N,0.079331613,0
5090,Holman,39,31,Y,8.967431702,0
5093,Holman,39,23,Y,5.661302767,0
5094,Holman,39,23,N,5.737159085,0
5101,Holman,38,20,Y,2.393102795,0
5105,Holman,37,27,N,4.966725402,0
5117,Holman,35,22,Y,3.349152055,0
5146,Holman,27,23,N,6.288481785,0
5150,Holman,27,29,N,6.502930945,0
5152,Holman,27,23,Y,15.46690262,0
5157,Holman,27,21,N,1.282458078,0
5162,Holman,26,20,N,2.810907407,0
5163,Holman,26,19,N,7.515238596,0
5169,Holman,26,23,N,25.68090988,0
5182,Holman,26,19,N,8.071846518,0
5183,Holman,26,25,N,3.912278956,0
5186,Holman,26,28,N,9.279403043,0
5190,Holman,25,33,N,1.781432811,0
5192,Holman,25,37,N,3.457031257,0
5198,Holman,25,19,Y,1.712835113,0
5199,Holman,25,19,N,2.479830718,0
5213,Holman,24,36,N,8.270581895,0
5221,Holman,24,18,N,4.868152848,0
5224,Holman,24,29,N,13.91658746,0
5225,Holman,24,21,N,3.911367397,0
5234,Holman,23,19,N,4.723410418,0
5240,Holman,23,16,Y,0.983101396,0
5242,Holman,23,27,N,4.544175896,0
5268,Holman,22,25,Y,9.029595105,0
5275,Holman,22,19,N,16.15900664,0
5277,Holman,22,25,N,2.211361661,0
5279,Holman,21,19,N,4.753769697,0
5283,Holman,21,20,N,7.695542825,0
5288,Holman,21,24,N,12.74309146,0
5296,Holman,21,44,N,7.409654522,0
5300,Holman,21,25,N,3.66852115,0
5318,Holman,20,36,N,1.54503672,0
5342,Holman,19,36,N,21.32404239,0
5349,Holman,18,26,N,4.714121711,0
5354,Holman,18,22,N,0.305339339,0
5359,Holman,18,50,N,20.30439263,0
5369,Holman,18,27,N,29.27326872,0
5382,Holman,17,33,N,3.502604212,0
5383,Holman,17,25,N,10.48113579,0
5393,Holman,16,16,N,7.649735013,0
5430,Holman,11,23,N,4.10167111,0
5434,Holman,5,32,N,0.065381372,0
5450,Holman,4,19,Y,1.422433823,0
5454,Holman,3,37,Y,9.045546224,0
5457,Holman,2,23,N,5.967180992,0
5461,Holman,6,29,Y,3.005075754,0
4979,Holman,34,30,Y,16.60666781,0
4986,Holman,31,29,Y,11.76377036,0
4996,Holman,30,42,Y,0.232435969,0
5025,Holman,32,5,Y,10.5732588,0
5044,Holman,39,41,Y,26.56882982,1
5059,Holman,35,18,Y,4.113157065,0
5081,Holman,40,8,Y,8.360653679,1
5095,Holman,39,13,Y,3.574129979,1
5103,Holman,38,25,Y,6.62544955,0
5104,Holman,37,12,Y,2.348196269,0
5201,Holman,24,22,Y,2.106973286,0
5229,Holman,23,26,Y,11.66099843,0
5274,Holman,22,23,Y,11.23320574,0
5281,Holman,21,27,Y,2.292993657,0
5315,Holman,20,36,Y,10.32086653,0
5320,Holman,20,32,Y,11.81044293,0
5323,Holman,20,12,Y,3.370411322,0
5326,Holman,19,21,Y,19.7019892,0
5407,Holman,15,22,Y,21.34692918,0
5462,Holman,6,22,Y,3.044275231,0
5470,Holman,8,24,Y,8.534175507,0
5189,Holman,25,26,Y,3.65770124,0
5191,Holman,25,36,Y,0.631823199,1
5197,Holman,25,39,Y,9.537434916,1
4957,Holman,38,2,Y,-1,0
4958,Holman,38,35,Y,4.798422253,0
4959,Holman,37,42,Y,10.38668989,0
4960,Holman,37,41,Y,4.484901199,1
4961,Holman,37,31,Y,13.25170461,0
4962,Holman,37,44,Y,2.292463595,1
4963,Holman,37,34,Y,8.240707429,0
4964,Holman,37,25,Y,12.67112869,0
4966,Holman,36,34,Y,17.00427452,1
4975,Holman,35,29,Y,11.41088901,0
4976,Holman,35,40,Y,0.406465492,1
4977,Holman,35,34,Y,3.59660156,0
4978,Holman,35,35,Y,11.30858631,1
4980,Holman,34,31,Y,6.826969954,0
4981,Holman,34,44,Y,4.299320366,0
4982,Holman,34,40,Y,0.011147858,0
4983,Holman,34,28,Y,3.090655722,1
4984,Holman,34,38,Y,1.206164574,0
4985,Holman,32,40,Y,1.304722385,0
4987,Holman,28,25,Y,6.556315271,0
4990,Holman,28,36,Y,7.010565445,0
4992,Holman,28,34,Y,6.414537109,0
4994,Holman,29,30,Y,16.73833398,0
4995,Holman,29,33,Y,6.270502829,0
4999,Holman,31,27,Y,9.668693745,0
5000,Holman,31,34,Y,0.809891161,0
5001,Holman,31,37,Y,2.838377569,1
5002,Holman,32,26,Y,1.227121864,0
5003,Holman,32,39,Y,12.87385648,1
5004,Holman,32,37,Y,1.507613313,0
5005,Holman,32,39,Y,5.798278642,0
5006,Holman,32,32,Y,12.92031282,0
5007,Holman,33,35,Y,12.20906209,1
5008,Holman,33,43,Y,9.02478486,0
5009,Holman,33,39,Y,8.139604052,0
5010,Holman,33,37,Y,8.973203106,0
5011,Holman,33,36,Y,2.714422916,0
5012,Holman,33,37,Y,13.96522605,1
5013,Holman,33,35,Y,4.072570793,0
5014,Holman,39,36,Y,5.714879515,1
5015,Holman,39,31,Y,11.01855308,0
5017,Holman,37,25,Y,0.883209039,0
5018,Holman,37,31,Y,9.226372224,0
5027,Holman,31,30,Y,5.421207257,0
5028,Holman,31,27,Y,8.094335856,0
5029,Holman,30,26,Y,1.570191487,1
5030,Holman,30,40,Y,1.349493351,0
5031,Holman,30,30,Y,13.8714507,1
5032,Holman,30,29,Y,13.51866391,0
5033,Holman,29,28,Y,2.598556842,0
5034,Holman,28,27,Y,2.958289974,1
5035,Holman,28,40,Y,4.945539878,1
5036,Holman,28,38,Y,9.623665527,0
5038,Holman,27,33,Y,1.70204254,1
5039,Holman,27,30,Y,3.034281183,0
5040,Holman,27,26,Y,2.067628344,0
5041,Holman,33,26,Y,0.579764615,0
5042,Holman,33,40,Y,0.502612133,1
5043,Holman,39,32,Y,2.667611583,1
5046,Holman,39,37,Y,30.78899161,1
5047,Holman,39,33,Y,20.55516075,0
5048,Holman,38,24,Y,12.28652668,0
5049,Holman,38,31,Y,9.264118749,0
5050,Holman,38,34,Y,0.014705521,0
5051,Holman,38,32,Y,4.538176846,0
5052,Holman,37,28,Y,5.206413702,0
5053,Holman,37,30,Y,2.277517583,0
5055,Holman,37,29,Y,2.92693167,0
5056,Holman,37,33,Y,1.651198227,0
5058,Holman,36,20,Y,7.536372429,1
5060,Holman,35,35,Y,25.77509322,0
5062,Holman,34,36,Y,1.12614697,1
5063,Holman,34,32,Y,15.45686743,0
5064,Holman,33,39,Y,14.41063791,1
5065,Holman,31,40,Y,17.80041137,0
5066,Holman,30,32,Y,25.36750589,0
5067,Holman,30,30,Y,19.94219522,0
5069,Holman,33,34,Y,3.141091825,0
5077,Holman,34,37,Y,4.076218495,0
5078,Holman,34,37,Y,9.692232542,1
5079,Holman,40,18,Y,8.433992846,1
5080,Holman,40,25,Y,6.036771426,0
5082,Holman,40,15,Y,11.40321183,1
5083,Holman,40,7,Y,2.576471176,1
5084,Holman,40,34,Y,6.871138928,1
5086,Holman,40,27,Y,5.661381765,0
5087,Holman,40,38,Y,8.398100856,1
5088,Holman,40,11,Y,5.880282576,0
5089,Holman,40,23,Y,1.087575614,1
5091,Holman,39,30,Y,2.483352344,0
5092,Holman,39,24,Y,11.93809239,0
5096,Holman,39,38,Y,3.807206605,0
5097,Holman,39,30,Y,9.268354205,0
5098,Holman,38,25,Y,7.721286706,1
5099,Holman,38,8,Y,3.554320329,0
5100,Holman,38,27,Y,2.521401213,1
5102,Holman,38,25,Y,5.997050726,0
5106,Holman,37,25,Y,3.699165912,0
5107,Holman,36,23,Y,2.835992886,0
5108,Holman,36,28,Y,2.566212815,0
5109,Holman,36,24,Y,8.278588341,0
5110,Holman,36,23,Y,0.778126703,0
5111,Holman,36,35,Y,3.011686436,0
5112,Holman,35,36,Y,1.413314707,1
5113,Holman,35,33,Y,13.35194687,0
5114,Holman,35,35,Y,0.986450958,0
5115,Holman,35,32,Y,12.79359243,0
5116,Holman,35,35,Y,8.474726261,0
5118,Holman,35,17,Y,2.286115505,0
5119,Holman,35,31,Y,2.10820183,1
5120,Holman,32,22,Y,24.57966674,0
5121,Holman,32,22,Y,5.722039343,0
5135,Holman,29,38,Y,14.93629363,1
5136,Holman,29,37,Y,5.928476151,1
5137,Holman,28,36,Y,19.99484398,0
5138,Holman,28,26,Y,3.283543179,0
5139,Holman,28,36,Y,6.727098706,0
5140,Holman,28,31,Y,15.32044864,0
5142,Holman,28,17,Y,11.97446466,0
5143,Holman,28,37,Y,14.08823643,0
5144,Holman,28,20,Y,2.263604283,0
5145,Holman,28,7,Y,1.681171495,0
5147,Holman,27,28,Y,10.99126324,0
5148,Holman,27,30,Y,11.10947523,0
5149,Holman,27,40,Y,5.802182971,0
5151,Holman,27,22,Y,2.794099864,0
5153,Holman,27,22,Y,17.15882167,1
5154,Holman,27,22,Y,5.889362324,0
5155,Holman,27,42,Y,7.811426833,0
4967,Holman,36,24,Y,7.054210022,0
5205,Holman,24,19,Y,9.657987385,0
5156,Holman,27,37,Y,1.462201489,0
5158,Holman,27,33,Y,5.562489106,1
5159,Holman,26,30,Y,12.49724423,0
5160,Holman,26,32,Y,15.84657454,0
5161,Holman,26,18,Y,1.348780313,0
5164,Holman,26,32,Y,0.077019421,0
5165,Holman,26,25,Y,12.27627321,0
5166,Holman,26,27,Y,13.01361543,0
5167,Holman,26,32,Y,24.24910855,1
5168,Holman,26,36,Y,7.470538356,0
5170,Holman,26,19,Y,17.53583314,0
5171,Holman,26,40,Y,10.75933729,0
5172,Holman,26,42,Y,12.43816952,0
5173,Holman,26,30,Y,11.20731966,1
5174,Holman,25,42,Y,18.0281878,0
5175,Holman,25,47,Y,1.904471832,1
5176,Holman,25,41,Y,0.042443763,0
5177,Holman,25,30,Y,10.90309407,0
5178,Holman,25,31,Y,12.33940038,0
5179,Holman,25,43,Y,23.40525922,0
5180,Holman,25,24,Y,8.394140562,1
5181,Holman,26,31,Y,17.0823646,0
5184,Holman,26,39,Y,11.83259547,0
5200,Holman,25,35,Y,14.90162498,0
5202,Holman,24,25,Y,3.750554359,0
5203,Holman,24,31,Y,1.687178337,0
5204,Holman,24,45,Y,6.691967991,1
5206,Holman,24,38,Y,3.857435848,0
5207,Holman,24,28,Y,20.19599483,0
5208,Holman,24,29,Y,6.435731134,0
5209,Holman,24,36,Y,3.955066988,0
5210,Holman,24,37,Y,18.23117616,0
5211,Holman,24,37,Y,19.43286334,0
5212,Holman,24,29,Y,4.950422699,1
5214,Holman,24,33,Y,5.599008838,0
5215,Holman,24,33,Y,4.365911093,1
5216,Holman,24,32,Y,8.119673611,0
5217,Holman,24,39,Y,18.38948237,1
5218,Holman,24,30,Y,6.88138526,0
5219,Holman,24,38,Y,21.00437882,1
5220,Holman,24,32,Y,7.979235513,0
5222,Holman,24,25,Y,8.220676513,0
5223,Holman,24,29,Y,4.086288312,0
5226,Holman,24,29,Y,9.488645555,1
5230,Holman,23,27,Y,9.817783093,1
5232,Holman,23,32,Y,15.03880061,0
5233,Holman,23,28,Y,16.43014684,0
5235,Holman,23,20,Y,6.651380185,1
5236,Holman,23,32,Y,1.890211969,0
5237,Holman,23,37,Y,3.1934314,0
5238,Holman,23,20,Y,14.71964462,1
5239,Holman,23,20,Y,5.828305414,0
5241,Holman,23,35,Y,3.454333022,0
5243,Holman,23,36,Y,3.5357683,0
5244,Holman,23,21,Y,8.835210125,0
5245,Holman,23,31,Y,17.38266876,0
5246,Holman,23,13,Y,16.71814173,1
5247,Holman,23,27,Y,21.05268226,0
5248,Holman,23,33,Y,21.72034982,0
5249,Holman,23,36,Y,7.971301805,1
5250,Holman,23,40,Y,18.76423613,1
5251,Holman,23,28,Y,8.423170911,0
5252,Holman,23,40,Y,0.222912,0
5253,Holman,23,36,Y,24.4991299,0
5254,Holman,23,24,Y,19.3789758,0
5255,Holman,23,40,Y,16.70427189,1
5256,Holman,22,39,Y,5.699648824,0
5257,Holman,22,29,Y,14.85435499,0
5258,Holman,22,39,Y,8.084838931,1
5259,Holman,22,37,Y,11.82200989,0
5260,Holman,22,30,Y,11.91910138,0
5261,Holman,22,30,Y,16.81175848,0
5262,Holman,22,36,Y,18.30158978,0
5263,Holman,22,36,Y,5.528411015,0
5264,Holman,22,35,Y,11.23252575,0
5265,Holman,22,38,Y,7.583879395,0
5266,Holman,22,33,Y,3.452380691,0
5267,Holman,22,36,Y,5.762014643,0
5269,Holman,22,28,Y,9.10283954,1
5270,Holman,22,31,Y,22.12295531,1
5271,Holman,22,33,Y,13.61309242,0
5272,Holman,22,26,Y,8.840400483,0
5273,Holman,22,27,Y,6.604326026,0
5276,Holman,22,30,Y,22.76086342,0
5278,Holman,21,34,Y,4.104275744,0
5280,Holman,21,34,Y,2.826813672,0
5282,Holman,21,30,Y,3.176214094,0
5284,Holman,21,34,Y,11.40248385,0
5285,Holman,21,30,Y,3.473377657,1
5286,Holman,21,34,Y,0.95806119,0
5287,Holman,21,27,Y,18.09984678,0
5289,Holman,21,33,Y,15.40698971,0
5290,Holman,21,45,Y,5.042879504,0
5291,Holman,21,39,Y,6.445313448,0
5292,Holman,21,38,Y,24.47833852,0
5293,Holman,21,42,Y,9.369076777,1
5294,Holman,21,37,Y,15.86401032,0
5295,Holman,21,18,Y,23.30274644,0
5297,Holman,21,38,Y,9.350264413,1
5298,Holman,21,25,Y,1.054481151,0
5299,Holman,21,22,Y,6.356621,0
5301,Holman,21,37,Y,3.794627451,0
5302,Holman,21,30,Y,11.57072089,0
5303,Holman,21,36,Y,18.41073925,1
5304,Holman,21,34,Y,11.89120282,1
5305,Holman,21,36,Y,8.936910259,0
5306,Holman,21,25,Y,13.67569383,0
5307,Holman,21,22,Y,1.861228421,0
5308,Holman,20,20,Y,12.0504076,1
5309,Holman,20,35,Y,5.844854277,0
5310,Holman,20,55,Y,26.31133436,1
5311,Holman,20,40,Y,24.78566907,1
5312,Holman,20,35,Y,13.8036266,0
5314,Holman,20,36,Y,19.72550536,0
5316,Holman,20,43,Y,10.11755313,1
5317,Holman,20,21,Y,10.30292321,1
5319,Holman,20,24,Y,21.60700377,0
5321,Holman,20,32,Y,20.49444235,0
5322,Holman,20,32,Y,1.526913329,0
5324,Holman,20,34,Y,3.976531423,0
5325,Holman,20,35,Y,8.606772701,1
5327,Holman,19,32,Y,23.82000831,0
5328,Holman,19,31,Y,13.34312569,0
5329,Holman,19,43,Y,4.745134835,1
5330,Holman,19,44,Y,8.505716646,1
5331,Holman,19,48,Y,29.92643564,0
5332,Holman,19,36,Y,6.910630475,1
5333,Holman,19,32,Y,24.74398331,1
5334,Holman,19,38,Y,17.26608676,1
5335,Holman,19,38,Y,15.08328628,0
5336,Holman,19,37,Y,4.338966818,0
5337,Holman,19,36,Y,12.43932249,0
5338,Holman,19,35,Y,23.45811215,1
5339,Holman,19,40,Y,28.37334145,0
5340,Holman,19,42,Y,14.31901519,0
5341,Holman,19,36,Y,11.07730163,0
5343,Holman,19,34,Y,7.233300754,1
5344,Holman,19,23,Y,6.873605788,0
5345,Holman,19,19,Y,7.003023747,0
5346,Holman,19,20,Y,3.433650406,0
5347,Holman,19,28,Y,12.84336799,1
5348,Holman,18,30,Y,0.178054693,0
5350,Holman,18,25,Y,17.42345175,0
5351,Holman,18,36,Y,12.37482106,0
5352,Holman,18,38,Y,6.255083848,0
5353,Holman,18,43,Y,11.2254874,0
5355,Holman,18,31,Y,25.38401401,0
5356,Holman,18,20,Y,16.34341021,1
5357,Holman,18,41,Y,22.29866864,0
5358,Holman,18,25,Y,1.506316075,0
5361,Holman,18,31,Y,4.6023933,0
5362,Holman,18,35,Y,27.84876017,1
5363,Holman,18,41,Y,2.04637434,1
5365,Holman,18,31,Y,19.64788078,1
5367,Holman,18,27,Y,20.65730191,0
5368,Holman,18,30,Y,16.90655645,0
5371,Holman,17,25,Y,7.979848008,0
5372,Holman,17,28,Y,17.02166359,0
5373,Holman,17,25,Y,1.316983372,0
5374,Holman,17,21,Y,10.20992351,0
5375,Holman,17,20,Y,10.82781506,0
5377,Holman,17,39,Y,15.68924493,0
5378,Holman,17,37,Y,10.77582788,0
5379,Holman,17,37,Y,5.485058195,1
5380,Holman,17,37,Y,3.442198734,0
5384,Holman,17,38,Y,15.72828462,1
5385,Holman,17,36,Y,2.127312229,1
5386,Holman,16,25,Y,15.40802899,0
5387,Holman,16,31,Y,4.14419718,0
5388,Holman,16,33,Y,7.360673116,0
5389,Holman,16,34,Y,12.54835279,0
5390,Holman,16,36,Y,4.540339051,0
5391,Holman,16,30,Y,19.4482483,0
5392,Holman,16,30,Y,8.262458708,0
5394,Holman,16,19,Y,3.827968498,0
5395,Holman,16,21,Y,8.158872815,0
5396,Holman,15,20,Y,27.70418022,0
5397,Holman,15,21,Y,1.633156798,1
5398,Holman,15,30,Y,1.236228529,1
5399,Holman,15,37,Y,6.242813976,1
5400,Holman,15,23,Y,3.652698827,0
5402,Holman,15,37,Y,0.746594935,1
5404,Holman,15,32,Y,7.509567965,1
5405,Holman,15,30,Y,11.18257741,0
5406,Holman,15,24,Y,17.5518179,0
5360,Holman,18,29,Y,16.85038497,0
5366,Holman,18,42,Y,3.252864993,0
5403,Holman,15,35,Y,11.98815648,0
5408,Holman,15,32,Y,3.009042071,0
5409,Holman,15,24,Y,19.45419241,0
5410,Holman,14,38,Y,12.73709163,0
5411,Holman,14,31,Y,22.88852762,0
5412,Holman,14,22,Y,2.027613851,0
5413,Holman,14,23,Y,6.500354741,0
5414,Holman,14,21,Y,13.13480266,0
5415,Holman,14,26,Y,0.837265342,1
5416,Holman,13,41,Y,22.01756843,1
5417,Holman,13,36,Y,7.555480688,1
5419,Holman,13,30,Y,2.94795733,1
5420,Holman,12,30,Y,3.081076742,0
5421,Holman,12,31,Y,17.00953481,0
5422,Holman,12,41,Y,2.755521726,0
5423,Holman,12,28,Y,17.76555244,0
5424,Holman,11,36,Y,9.276710048,1
5425,Holman,11,26,Y,23.34033394,1
5426,Holman,11,38,Y,16.33813975,0
5427,Holman,10,38,Y,9.365766483,0
5431,Holman,7,24,Y,3.909775108,0
5432,Holman,6,34,Y,13.40794999,0
5433,Holman,6,35,Y,3.38987777,1
5435,Holman,6,40,Y,11.4118812,0
5436,Holman,3,38,Y,11.12637338,1
5437,Holman,3,38,Y,22.72022381,0
5438,Holman,2,33,Y,4.980199294,0
5439,Holman,2,39,Y,21.23464072,0
5440,Holman,5,45,Y,15.53793432,1
5441,Holman,5,20,Y,9.40978779,0
5442,Holman,5,37,Y,17.63287152,0
5443,Holman,4,41,Y,3.279657869,1
5444,Holman,5,38,Y,14.43047966,0
5445,Holman,5,26,Y,23.33303097,1
5446,Holman,5,21,Y,5.897451154,0
5447,Holman,5,32,Y,0.448772207,0
5448,Holman,4,35,Y,9.243928744,0
5449,Holman,4,42,Y,19.33920127,0
5451,Holman,3,34,Y,28.50189234,1
5452,Holman,3,25,Y,7.873902647,0
5453,Holman,3,36,Y,14.50432849,0
5455,Holman,2,41,Y,0.980152212,0
5456,Holman,2,40,Y,31.10407711,1
5458,Holman,4,33,Y,9.161020727,0
5459,Holman,7,33,Y,18.47402537,0
5460,Holman,6,43,Y,2.040477641,0
5463,Holman,6,45,Y,0.025937953,0
5464,Holman,6,27,Y,20.46288787,0
5465,Holman,6,24,Y,19.61563339,0
5466,Holman,6,33,Y,8.150155486,0
5467,Holman,7,33,Y,11.26366599,0
5468,Holman,7,38,Y,8.592281529,0
5469,Holman,9,26,Y,13.27358284,0
5471,Holman,8,30,Y,21.24980056,0
5472,Holman,8,22,Y,17.46079799,0
5473,Holman,13,30,Y,2.148969368,0
5474,Holman,14,31,Y,13.30057711,0
5475,Holman,15,30,Y,30.77401816,0
5476,Holman,2,37,Y,0.008438108,0
5195,Holman,25,40,Y,18.77897756,1
5196,Holman,25,24,Y,17.7805839,0
4968,Holman,36,8,Y,5.55058758,1
4969,Holman,36,37,Y,12.2469364,0
4970,Holman,36,37,Y,1.750220353,0
4971,Holman,36,35,Y,7.513598601,0
4973,Holman,35,40,Y,1.996719252,0
4974,Holman,35,38,Y,9.513297195,0
5020,Holman,37,35,Y,2.492321099,0
5022,Holman,33,10,N,0.29800582,1
5021,Holman,36,34,Y,4.992034927,0
5023,Holman,33,13,Y,0.14872694,0
5024,Holman,32,27,Y,8.556189137,0
5071,Holman,33,27,Y,7.980055981,0
5070,Holman,33,42,Y,13.39933043,0
5072,Holman,33,20,Y,4.181864268,0
5075,Holman,33,26,Y,27.20573688,1
5076,Holman,34,35,Y,20.88777028,0
5122,Holman,31,33,Y,6.100832023,0
5125,Holman,31,19,Y,2.991536635,0
5123,Holman,31,13,Y,3.811115299,0
5124,Holman,31,24,Y,5.374682219,0
5126,Holman,31,14,Y,7.422402131,1
5127,Holman,31,38,Y,5.567378881,0
5128,Holman,31,20,Y,6.979443367,1
5129,Holman,30,34,Y,3.981923828,1
5130,Holman,30,26,Y,5.154353408,0
5131,Holman,30,28,Y,18.75508239,1
5132,Holman,29,20,Y,2.994196321,0
5133,Holman,29,26,Y,14.49692693,0
5134,Holman,29,30,Y,7.551616054,0
5313,Holman,20,29,Y,4.373401266,0
5364,Holman,18,32,Y,0.848400942,0
5418,Holman,13,19,Y,1.552160367,0
171,Sansavilla_WMA,49,39,Y,12.67622709,1
172,Sansavilla_WMA,49,32,Y,11.47412047,0
173,Sansavilla_WMA,50,36,Y,5.60053926,1
174,Sansavilla_WMA,50,35,Y,12.95109012,1
175,Sansavilla_WMA,51,33,Y,4.03245061,0
176,Sansavilla_WMA,51,32,Y,8.868105212,1
51,Sansavilla_WMA,81,30,Y,22.62312815,1
52,Sansavilla_WMA,81,37,Y,16.45740786,1
53,Sansavilla_WMA,81,20,Y,4.361791373,0
56,Sansavilla_WMA,81,33,Y,3.736147644,0
54,Sansavilla_WMA,81,32,Y,1.277007036,0
55,Sansavilla_WMA,81,24,Y,4.67726298,1
2,Sansavilla_WMA,76,35,Y,13.27195708,0
3,Sansavilla_WMA,76,18,Y,8.696078757,0
4,Sansavilla_WMA,76,33,Y,10.65388606,1
5,Sansavilla_WMA,76,14,Y,13.5968237,1
6,Sansavilla_WMA,76,18,Y,9.392238381,0
7,Sansavilla_WMA,78,34,Y,0.035369195,1
8,Sansavilla_WMA,78,8,Y,2.073688975,0
9,Sansavilla_WMA,78,31,Y,5.766230054,0
10,Sansavilla_WMA,80,34,Y,9.714966661,0
11,Sansavilla_WMA,80,33,Y,17.05302187,1
12,Sansavilla_WMA,80,31,Y,2.987778555,0
13,Sansavilla_WMA,80,30,Y,9.189094624,1
14,Sansavilla_WMA,80,31,Y,5.388643115,0
15,Sansavilla_WMA,80,14,Y,10.33784368,0
16,Sansavilla_WMA,80,18,Y,5.77138245,1
17,Sansavilla_WMA,80,32,Y,8.840855557,1
18,Sansavilla_WMA,80,24,Y,7.098953055,0
19,Sansavilla_WMA,79,26,Y,7.082567804,0
20,Sansavilla_WMA,79,25,Y,4.879434169,0
21,Sansavilla_WMA,79,27,Y,7.112521618,0
22,Sansavilla_WMA,79,21,Y,0.225598904,0
23,Sansavilla_WMA,79,7,Y,8.968683025,1
24,Sansavilla_WMA,79,14,Y,19.09576732,1
25,Sansavilla_WMA,79,27,Y,23.35544838,0
26,Sansavilla_WMA,79,12,Y,10.32912079,1
27,Sansavilla_WMA,79,11,Y,11.6390446,1
28,Sansavilla_WMA,79,24,Y,3.700746825,0
29,Sansavilla_WMA,79,20,Y,16.75184873,0
30,Sansavilla_WMA,79,32,Y,2.933475728,1
31,Sansavilla_WMA,79,32,Y,12.97851933,0
32,Sansavilla_WMA,79,6,Y,12.41865998,0
33,Sansavilla_WMA,79,26,Y,8.087567031,0
34,Sansavilla_WMA,79,6,Y,6.056832462,1
35,Sansavilla_WMA,79,32,Y,12.09428832,0
36,Sansavilla_WMA,80,18,Y,6.597853547,0
37,Sansavilla_WMA,80,11,Y,10.63937802,0
38,Sansavilla_WMA,82,29,Y,8.269582071,1
39,Sansavilla_WMA,82,24,Y,4.075931399,0
40,Sansavilla_WMA,82,32,Y,17.68707231,0
41,Sansavilla_WMA,82,13,Y,15.37171297,1
42,Sansavilla_WMA,82,30,Y,20.99413627,1
43,Sansavilla_WMA,82,33,Y,7.251780664,1
44,Sansavilla_WMA,82,31,Y,8.546753819,1
45,Sansavilla_WMA,82,29,Y,14.85692886,0
46,Sansavilla_WMA,82,26,Y,24.48004469,0
47,Sansavilla_WMA,81,27,Y,2.753365954,1
48,Sansavilla_WMA,81,32,Y,3.63422124,0
49,Sansavilla_WMA,81,26,Y,3.826808445,0
50,Sansavilla_WMA,81,31,Y,2.959869436,0
57,Sansavilla_WMA,81,15,Y,7.192325652,1
58,Sansavilla_WMA,81,10,Y,12.81888028,1
59,Sansavilla_WMA,81,9,Y,5.927643181,1
60,Sansavilla_WMA,77,40,Y,6.584500599,0
61,Sansavilla_WMA,77,34,Y,21.65648844,0
62,Sansavilla_WMA,77,38,Y,13.54012954,0
63,Sansavilla_WMA,77,40,Y,2.521349839,1
64,Sansavilla_WMA,77,36,Y,2.436883495,1
65,Sansavilla_WMA,83,34,Y,13.45585311,1
66,Sansavilla_WMA,83,7,Y,15.90761649,1
67,Sansavilla_WMA,83,30,Y,0.699232538,0
68,Sansavilla_WMA,83,32,Y,3.524398143,0
69,Sansavilla_WMA,10,39,Y,16.36089005,0
70,Sansavilla_WMA,11,27,Y,12.25460473,0
71,Sansavilla_WMA,12,28,Y,23.79577828,1
72,Sansavilla_WMA,2,17,Y,3.094616784,1
73,Sansavilla_WMA,0,45,Y,8.203872192,0
74,Sansavilla_WMA,0,11,Y,2.468689278,0
75,Sansavilla_WMA,0,16,Y,2.83090346,0
76,Sansavilla_WMA,0,33,Y,13.27485783,0
77,Sansavilla_WMA,0,35,Y,19.55880469,0
78,Sansavilla_WMA,0,35,Y,2.587733248,1
79,Sansavilla_WMA,0,34,Y,6.449857184,1
80,Sansavilla_WMA,0,32,Y,16.6134443,1
81,Sansavilla_WMA,19,33,Y,21.21244111,0
82,Sansavilla_WMA,18,32,Y,9.633370447,1
83,Sansavilla_WMA,18,11,Y,0.437609773,0
84,Sansavilla_WMA,18,31,Y,12.82470591,1
85,Sansavilla_WMA,18,30,Y,2.628372321,0
86,Sansavilla_WMA,47,30,Y,4.905141521,0
87,Sansavilla_WMA,47,30,Y,3.876239187,0
88,Sansavilla_WMA,41,31,Y,21.43249918,1
89,Sansavilla_WMA,41,34,Y,3.42001284,0
90,Sansavilla_WMA,42,28,Y,14.78701196,0
91,Sansavilla_WMA,40,34,Y,17.68514024,0
92,Sansavilla_WMA,40,32,Y,19.63483218,0
93,Sansavilla_WMA,40,32,Y,5.357460375,0
94,Sansavilla_WMA,40,26,Y,21.98025373,0
95,Sansavilla_WMA,40,31,Y,18.23356186,0
96,Sansavilla_WMA,38,34,Y,12.6443597,0
97,Sansavilla_WMA,38,35,Y,1.522196403,0
98,Sansavilla_WMA,35,23,Y,11.10608479,1
99,Sansavilla_WMA,35,26,Y,2.216771513,1
100,Sansavilla_WMA,35,26,Y,0.24065678,0
101,Sansavilla_WMA,35,28,Y,8.878578477,0
102,Sansavilla_WMA,35,38,Y,19.18092183,1
103,Sansavilla_WMA,39,26,Y,12.50722696,0
104,Sansavilla_WMA,39,33,Y,19.36295953,1
105,Sansavilla_WMA,39,35,Y,11.77573948,1
106,Sansavilla_WMA,39,15,Y,12.28338935,0
107,Sansavilla_WMA,37,33,Y,7.460694581,0
108,Sansavilla_WMA,37,32,Y,16.24932282,0
109,Sansavilla_WMA,34,31,Y,5.81986594,0
110,Sansavilla_WMA,33,28,Y,13.74966827,0
111,Sansavilla_WMA,33,23,Y,1.904313724,1
112,Sansavilla_WMA,33,26,Y,4.065685489,1
113,Sansavilla_WMA,33,22,,15.42517817,0
114,Sansavilla_WMA,33,9,Y,3.244136018,1
115,Sansavilla_WMA,33,31,Y,10.78670656,1
116,Sansavilla_WMA,33,17,Y,0.276244423,1
117,Sansavilla_WMA,33,8,Y,9.208348286,1
118,Sansavilla_WMA,33,6,Y,5.22902342,1
119,Sansavilla_WMA,33,7,Y,10.95027679,1
120,Sansavilla_WMA,31,21,Y,27.48286795,1
121,Sansavilla_WMA,31,34,Y,9.326808564,0
122,Sansavilla_WMA,31,8,Y,2.767808861,0
123,Sansavilla_WMA,31,8,Y,1.890418054,1
124,Sansavilla_WMA,31,34,Y,9.528566574,0
125,Sansavilla_WMA,32,38,Y,10.33768943,1
126,Sansavilla_WMA,32,8,Y,2.494497136,1
127,Sansavilla_WMA,32,8,Y,5.222525719,0
128,Sansavilla_WMA,32,20,Y,3.809297934,1
129,Sansavilla_WMA,32,27,Y,11.98536761,0
130,Sansavilla_WMA,32,31,Y,13.94055672,0
131,Sansavilla_WMA,32,28,Y,0.090599924,0
132,Sansavilla_WMA,32,29,Y,17.52975969,0
133,Sansavilla_WMA,32,33,Y,9.97405136,0
134,Sansavilla_WMA,32,45,Y,3.564486415,0
135,Sansavilla_WMA,31,32,Y,6.084985055,0
136,Sansavilla_WMA,31,19,Y,8.151152418,1
137,Sansavilla_WMA,31,28,Y,5.014772688,0
138,Sansavilla_WMA,31,27,Y,5.73934628,0
139,Sansavilla_WMA,31,25,Y,3.443006331,0
140,Sansavilla_WMA,29,34,Y,3.936187749,1
141,Sansavilla_WMA,29,30,Y,16.9709291,1
142,Sansavilla_WMA,29,26,Y,4.372592172,0
143,Sansavilla_WMA,29,25,Y,2.26718489,0
144,Sansavilla_WMA,29,43,Y,5.339021634,0
145,Sansavilla_WMA,29,24,Y,5.439309308,0
146,Sansavilla_WMA,28,35,Y,19.46075169,0
147,Sansavilla_WMA,28,31,Y,2.209599826,0
148,Sansavilla_WMA,28,30,Y,16.8112981,0
149,Sansavilla_WMA,28,29,Y,0.939213816,0
150,Sansavilla_WMA,30,10,Y,3.556584625,1
151,Sansavilla_WMA,30,32,Y,9.070949904,0
152,Sansavilla_WMA,30,17,Y,16.5717904,0
153,Sansavilla_WMA,30,31,Y,20.55614109,0
154,Sansavilla_WMA,24,30,Y,5.22928071,1
155,Sansavilla_WMA,27,36,Y,1.22279127,0
156,Sansavilla_WMA,27,13,Y,6.571652231,0
157,Sansavilla_WMA,27,12,Y,0.982532144,0
158,Sansavilla_WMA,25,27,Y,1.757913457,0
159,Sansavilla_WMA,25,31,Y,13.80057441,0
160,Sansavilla_WMA,25,36,Y,3.455588397,1
161,Sansavilla_WMA,25,36,Y,11.7596158,0
162,Sansavilla_WMA,26,30,Y,2.845968341,0
163,Sansavilla_WMA,26,33,Y,13.78708789,0
164,Sansavilla_WMA,26,32,Y,5.771335191,0
165,Sansavilla_WMA,27,34,Y,8.575115478,0
166,Sansavilla_WMA,21,44,Y,12.54699294,1
167,Sansavilla_WMA,20,34,Y,11.52236782,0
168,Sansavilla_WMA,20,27,Y,20.27103098,0
169,Sansavilla_WMA,64,19,Y,9.017670678,0
170,Sansavilla_WMA,64,30,Y,14.11657098,0
177,Sansavilla_WMA,67,31,Y,5.002757328,0
178,Sansavilla_WMA,67,28,Y,1.538638014,0
179,Sansavilla_WMA,62,16,Y,5.45052593,0
180,Sansavilla_WMA,62,22,Y,9.871901438,0
181,Sansavilla_WMA,62,20,Y,2.126731099,0
182,Sansavilla_WMA,62,10,Y,2.695900094,0
183,Sansavilla_WMA,62,14,Y,2.56302879,0
184,Sansavilla_WMA,62,11,Y,4.126406616,0
185,Sansavilla_WMA,62,30,Y,4.454258839,0
186,Sansavilla_WMA,62,27,Y,0.858129872,1
187,Sansavilla_WMA,63,29,Y,3.624188374,1
188,Sansavilla_WMA,63,24,Y,5.443811504,1
189,Sansavilla_WMA,63,32,Y,9.599262775,1
190,Sansavilla_WMA,63,24,Y,1.925758723,1
191,Sansavilla_WMA,59,26,Y,11.67908324,0
192,Sansavilla_WMA,60,48,Y,6.410963813,1
193,Sansavilla_WMA,60,25,Y,5.074205727,0
194,Sansavilla_WMA,86,25,Y,14.79326515,0
195,Sansavilla_WMA,86,36,Y,11.61390926,0
196,Sansavilla_WMA,87,31,Y,4.072398416,1
197,Sansavilla_WMA,87,34,Y,14.53224563,1
198,Sansavilla_WMA,87,28,Y,16.85555247,0
199,Sansavilla_WMA,87,18,Y,9.055467329,0
200,Sansavilla_WMA,87,21,Y,9.27758129,1
201,Sansavilla_WMA,88,35,Y,16.98227974,0
202,Sansavilla_WMA,88,36,Y,15.85274875,0
203,Sansavilla_WMA,88,34,Y,7.760060644,1
204,Sansavilla_WMA,94,33,Y,3.809699906,0
205,Sansavilla_WMA,94,31,Y,0.424568578,1
206,Sansavilla_WMA,94,35,Y,12.71324432,0
207,Sansavilla_WMA,93,31,Y,14.21306612,0
208,Sansavilla_WMA,93,32,Y,11.47628079,0
209,Sansavilla_WMA,91,8,Y,0.207406683,1
210,Sansavilla_WMA,90,22,Y,6.520188851,1
211,Sansavilla_WMA,89,21,Y,17.76922926,0
212,Sansavilla_WMA,89,17,Y,11.40128465,0
213,Sansavilla_WMA,89,31,Y,1.59058555,0
214,Sansavilla_WMA,97,36,Y,6.70101341,0
215,Sansavilla_WMA,97,35,Y,25.84091974,1
216,Sansavilla_WMA,97,31,Y,2.541877976,0
217,Sansavilla_WMA,95,17,Y,11.78911541,0
218,Sansavilla_WMA,94,35,Y,1.361167721,1
219,Sansavilla_WMA,84,22,Y,3.773094095,0
220,Sansavilla_WMA,84,26,Y,10.63843858,0
221,Sansavilla_WMA,71,26,Y,16.41259029,0
222,Sansavilla_WMA,71,28,Y,4.37115379,0
223,Sansavilla_WMA,71,30,Y,5.269343699,0
224,Sansavilla_WMA,70,10,Y,0.204353744,0
225,Sansavilla_WMA,70,30,Y,20.67480605,1
226,Sansavilla_WMA,70,6,Y,7.467739017,1
227,Sansavilla_WMA,70,35,Y,20.78527371,0
228,Sansavilla_WMA,70,38,Y,0.570993679,1
229,Sansavilla_WMA,70,36,Y,12.07255988,1
230,Sansavilla_WMA,70,11,Y,10.10947927,1
231,Sansavilla_WMA,70,31,Y,22.74637654,1
232,Sansavilla_WMA,70,35,Y,11.18512906,0
233,Sansavilla_WMA,70,10,Y,2.812464949,0
234,Sansavilla_WMA,70,6,Y,0.759484373,0
235,Sansavilla_WMA,70,18,Y,23.47955789,0
236,Sansavilla_WMA,70,16,Y,1.49012708,1
237,Sansavilla_WMA,70,28,Y,0.409638933,0
238,Sansavilla_WMA,70,32,Y,15.44336466,0
239,Sansavilla_WMA,70,35,Y,3.893239994,0
240,Sansavilla_WMA,70,9,Y,0.111811977,1
241,Sansavilla_WMA,68,14,Y,9.839636716,0
242,Sansavilla_WMA,68,17,Y,11.86164045,1
243,Sansavilla_WMA,68,20,Y,3.968780381,0
244,Sansavilla_WMA,68,32,Y,23.64553982,0
245,Sansavilla_WMA,70,32,Y,10.67129295,0
246,Sansavilla_WMA,70,32,Y,11.71273505,0
247,Sansavilla_WMA,69,35,Y,1.942705318,0
248,Sansavilla_WMA,69,35,Y,23.05010419,0
249,Sansavilla_WMA,69,33,Y,20.45489209,0
